alpha,loss
-1.000000014901161194e-01,2.286986923217773438e+01
-9.000000357627868652e-02,2.080371761322021484e+01
-7.999999821186065674e-02,1.860625839233398438e+01
-7.000000029802322388e-02,1.626559352874755859e+01
-6.000000238418579102e-02,1.399401521682739258e+01
-5.000000447034835815e-02,1.169887351989746094e+01
-4.000000283122062683e-02,9.356411457061767578e+00
-3.000000119209289551e-02,7.048189878463745117e+00
-2.000000327825546265e-02,4.909162044525146484e+00
-1.000000536441802979e-02,3.404820203781127930e+00
7.450580596923828125e-09,2.902224421501159668e+00
1.000000536441802979e-02,3.356623053550720215e+00
2.000000327825546265e-02,4.561557054519653320e+00
3.000000119209289551e-02,6.477334976196289062e+00
4.000000283122062683e-02,8.639341831207275391e+00
5.000000447034835815e-02,1.071865940093994141e+01
6.000000238418579102e-02,1.273154067993164062e+01
7.000000029802322388e-02,1.467761516571044922e+01
7.999999821186065674e-02,1.669441890716552734e+01
9.000000357627868652e-02,1.873335838317871094e+01
1.000000014901161194e-01,2.075926494598388672e+01
